{
  "project_info": {
    "project_number": "636186498723",
    "project_id": "tamkeened-8821e",
    "storage_bucket": "tamkeened-8821e.firebasestorage.app"
  },
  "client": [
    {
      "client_info": {
        "mobilesdk_app_id": "1:636186498723:android:60eb03dd71111867149116",
        "android_client_info": {
          "package_name": "com.tamkeen.tamkeened"
        }
      },
      "oauth_client": [],
      "api_key": [
        {
          "current_key": "AIzaSyAbRM8X2OAlx86m0lHPf1B4gnT7DyHA5iU"
        }
      ],
      "services": {
        "appinvite_service": {
          "other_platform_oauth_client": []
        }
      }
    }
  ],
  "configuration_version": "1"
}